Loss,Test
0.08591364324092865,0.972599983215332
