Loss,Test
0.10085565596818924,0.9923999905586243
